id,name,description,created_at,updated_at
1,Admin,Administrator with full access to all features,2025-08-30 00:33:26.220000,2025-09-04 18:16:31.370000
2,Manager,Manager with access to most features,2025-08-30 00:33:26.280000,2025-08-30 00:33:26.280000
3,Employee,Regular employee with limited access,2025-08-30 00:33:26.283000,2025-08-30 23:15:42.530000
7,xiqu2oJPWyINR4GQ8CuxeBJwRGpMQCD0MMdk1EushuzXqO4BcI,zXtlbprEvWhrS6YmXQa3VML9tWuSPETcMJ7ok8NiD22qYV1cD6,2026-01-15 18:14:11,2025-08-28 18:14:11
8,gGHIHSPtosZOV2WZlTwVjV5ZnqRVZ8Ywdo3VF5NWSf5hTHE79X,9gmI3kwZ6HJfIA8bCxj9Y164YmfjTBgDUHY4Vcl87yliV4zG53,2025-12-10 18:14:11,2025-11-26 18:14:11
9,2gPXfjnrDgxB85FBOuyygG8AoYcCbQ0qxqBDSJU4iYstKIPlTa,6pvxaD0SHeA75YmDCmCtLDDBytFWWBuJMtNQvK8zhjNxOkKBgL,2025-12-12 18:14:11,2026-04-20 18:14:11
10,R5GgBIqwLtnlPHyVTHRRNTLr7pJLT18Cgb2qasbV6zHNWjrHdw,OgLq8i8J0116TxS9XJoolyUdOBKLej9qFAsT7zTAXdI3rtCxNR,2025-07-21 18:14:11,2026-04-19 18:14:11
11,DcHpE4ki7Evh63xUV2iQCxoMtgMrAkl1h1WE2cXsAPj62pVsa5,RZa58P81GO1uihtz71lIAP9su3rysRnSGzQZshPS6ek4TxX17N,2025-10-30 18:14:11,2025-05-09 18:14:11
12,sdOENPCXUU2Lab9z7qqwla1nxAr42Bm6zBzFiuLq4WE1YhJIhh,TgF4zlGenKarObzmalj525vkhnqxPuY9veIc8d2irM6oYw6NgK,2025-07-04 18:14:11,2025-05-28 18:14:11
13,BDU49CJFELOHZh1wpAbp6y5YF1ZrGzaOFBxesb4ZPBrEGO9RDZ,X9jooEgoE7nNxkBuLeGZaGv3MT6sb7HnSXWXK3XGMZWvm1HSbF,2026-01-31 18:14:11,2026-03-15 18:14:11
14,2uZlS9SZbGPF9VP0vU4CK1EOkf2R1zDWn4VaQFeNpVPtL96Qen,icp6ybcJ6RYRyofJUqJx1zsQOWiJ7OfdO1kDIJ7rDXYh2LwA9M,2025-07-13 18:14:11,2026-01-06 18:14:11
15,L3MqjSLQTocGu5TXp9AYRGLpnQ6vxWyujLNulsb1MCrAVJvR5P,cKX1qJJei0oGMArQ7cfxqpUcy4As0aE0t9Cj2qvd7z8sdDTbyQ,2026-04-04 18:14:11,2025-07-11 18:14:11
16,Ffb6SU80sDsEzrIPUIpO5qAALSvI004r80HjxZ2XTpYCurIkLM,906t0poODZxhfxzKZIwX8NfVlc0YTu2KSqpGYKkDipiU9pp4q4,2025-10-19 18:14:11,2025-09-12 18:14:11
17,sApiTVjuXAlM8Be5MlAWbgQcKrWmMIAlFu754O4pqFSfsxVQq5,hoqrvbWiDoMBSWQ8s0uLSFHpsQksn4vKAxR5crzReXoXCoBmze,2025-05-12 18:14:11,2025-05-09 18:14:11
18,JOUykgZOPb1SWRYLXXHsU47oGFuN1UDygOywVeYcwpx5IQ65sP,sea84lGRZt8U4c4POQ65XGopEAAzKHmO19nMEKm13QQ4Orzjkv,2026-04-23 18:14:11,2025-05-24 18:14:11
19,5UYzIzpyZ6IgaKmDl9A1P4gtpHf06llECN5HGnS2MchsOIVBrO,FMW4iYgXpSAtRtxfFJzHMKhmIlRSTfOqp01k8KlVMCz95LRbl7,2025-12-15 18:14:11,2025-12-30 18:14:11
20,aWm5iONaDjN409TXogdPjNmPGq3LGD2F1dq6ZFnRBWiTn1YwtT,BndDbkbL3TwlSCn69V7uPqFdf16YQCyDWKddg4G15NoszU7uZX,2026-01-30 18:14:11,2025-11-19 18:14:11
21,QkXvFJykBG1BjyeQYCBrLq99YIxXvzZSPRCG0iCK1puozFJfaz,AWymj8I1l4iC8IlbO1TfvgHEdYLD5Mj9AoN1N4y6gXwM13FLsG,2025-06-30 18:14:11,2025-07-05 18:14:11
22,VTIsCYFyrE2mEP2M7oiL6NhyEJTK1tLy5nDGIlEc9A7uOU7hUn,3v1tYZSfXgoVZz61iKWFV1Z3ZXYcfsRktZ2sEob55PCOu4UTwi,2026-04-25 18:14:11,2025-07-29 18:14:11
23,BQoHcvMCaw7YtfWrVs6EL1z0YHOdCOmh8zBTO1sBwZWkvMdYWI,zvjnY0dookobdnJ3cOeRx0NWTR9859TlZN4q7nXQYbLS92j4ta,2025-11-14 18:14:11,2026-01-12 18:14:11
24,vYE13xVeqpwvm4k59n7VgCnlcNBS8WZp5E3Mwlx4WarJ2SZ7Rq,57OnIE286HKoGO98ygB1Cx4FB5UfwMzQgmIuf6nPCuaUjGOVre,2025-07-09 18:14:11,2025-08-08 18:14:11
25,OIZvoZU0zfJ9hnFEVP1rKHybF1o2wkzgRdBbG64pYThw8iT6ip,NJIo1yp2YtoykXLTUZ2l9CRyXHLoVWRDzWoYHnBHmtSvXMTrKE,2026-02-06 18:14:11,2025-06-19 18:14:11
26,L0l7hDPQsdd8eWVd2QHtHzNHIIbsTTR3jsnUQbKfYLNjD3gmrQ,H10j6tH3G1WWDVHW8amHLe8QZdEv3qTQ0upxiKfAZNIlgFvAmT,2025-05-12 18:14:11,2025-08-20 18:14:11
27,lYWzTFjATbQhNR5xNtbujOPTn3R20JXrM01XFiAcHTBFDP9dYc,8agPyhe0vLFM2MjEGQGI5h5SYqqlchoJKM3pQTQjZ0aF4rMhkW,2025-05-09 18:14:11,2026-02-07 18:14:11
28,qqRpf6e3pw8tfyKmI7grUBwwmg8zmp3JJaK4dH6N4LHsCJPRoG,2F37RnzZ3lH7t5RGsJvHrzs6cFCK6pBTWPDO4IOQcGZFZ793CQ,2026-03-14 18:14:11,2025-05-23 18:14:11
29,dvV7Wd6xTfUMmfqYXwHW3hqFtVRbNmdRmOnhukRrprgpSfXDu5,T30VcuRziFVOAwGFLO12yueJzyjqa2ZzVPPICHUPaeXcFvxhLM,2025-07-23 18:14:11,2025-10-16 18:14:11
30,E4DM0jzcE1IzYoZIun3eDW6dGOs5JxBldWipmB25EDS7yaTcSI,MrqOoFTSGGys0n20NNflnWVuJXwAaUs8WQMLyAbzAmMbCM0nQz,2026-02-21 18:14:11,2026-04-27 18:14:11
31,iAZlN9F8m9hXzHUD09NANkPXgr1ZGVL3arzyYddWVhuaLVeTym,XFGPPhQFJIqsqJaTfJPf7KMIfTh6aWXZTGhgb9bijnaYogs4O2,2026-04-02 18:14:11,2025-06-23 18:14:11
32,bDEcgNf6k41mfmBTIhL41cSbApG1UlSYGcccCCQJPC3idnME3s,nozb45x2by3PXeQDVSOcxloqxcfWIvaYEqIG6hQI2H3M3oGqQt,2026-03-29 18:14:11,2025-11-24 18:14:11
33,xWcp69gfQ1kmqHCGuNPdA5HxSRRbcKndIUwzOlpiDs5pYvIbaL,naO8xfUURpWPizRNlbX5ejgmh6bbZeE8k3q3UXRYDqkwG4u8Tl,2025-12-22 18:14:11,2026-04-10 18:14:11
34,GZEuWutMlZYsL6bNhY7lSw4O49YGGmAh9CFjOft6OXOcOi1JB8,flA6oeR3eFoF8HV304CiC9x8zmpmNRkoPldXaoemZlcpGq2x9t,2025-08-27 18:14:11,2025-07-01 18:14:11
35,UmNnCk6zKUTuUsWbgen4m7H51VpSbQ9NBGdzsoNqQYbGRHDyj4,6JEQ3TJo17KevjjZ6tM2oLXi7St2Xi9hppOGlqST57OGMXnCII,2025-11-06 18:14:11,2025-12-26 18:14:11
36,0EUtKMsfw6CLprA7tVEn0M9Qs6cPliZiCIWS4ct7lcWKFP2sWz,nZ69hEYWvEYcc2lnst64zjl8YI1VUchcKw4RGDSuaJgiM47Rd8,2026-04-24 18:14:11,2025-06-05 18:14:11
37,13HZWlpgKHtJkBSRYMj5KB7HR72061TqF3Sxb92ysQVcHiep6K,0Jjk8qwnnEBU0xO8W7C7AKNCTjUjkm3Xhsw5SYpeJqIeGY5shD,2025-08-07 18:14:11,2025-12-10 18:14:11
38,2qXs9LyowVVpWj515J792IKAk0OSqaVsgMCtPyFqQjfpQ3PEDd,ZlpkFPHoF8B13541AjpqyoznAvTYC1m5WcQnLd6vw8vcoUYeu5,2025-08-16 18:14:11,2025-07-15 18:14:11
39,TC328H26Omom4dZHAIw8pQf6zjcZIakVOFpU20jT0V7JQ9anxE,zLGxGLAboz5QpQDgo3GrwWN1g1DOWKM0LHnx9QGlgSVuNZ7HnF,2025-12-26 18:14:11,2026-04-07 18:14:11
40,mk6NoK9uRPbrWwMIlPtO5CSMamy3U1Az8rLMz9ruDHwwG5vAhK,jv9U3mHBEbU8sVPFxP2Jv3etuqYaCZDxJqWlzFrXZQmIODJaeO,2026-02-14 18:14:11,2025-10-20 18:14:11
41,qLqH8JiSVjju9SgNvyC8DZOmAd3jf1J7C9fT0KiUy3zBNVQuJr,ecYBLJY06hYnGdXN8mboQjaKRWY93uWGCFWMQ23Udtme1LEKRZ,2026-01-22 18:14:11,2025-06-10 18:14:11
42,qvTdaWJFozgm4XGNtTRYEiOCvhpjNWuYeppGMqBwQkMHxADA4t,mk0kSzTQB26LYHwoEflmZ9qtkSdO7NN2BpPB570whqjyim7zvA,2025-07-21 18:14:11,2025-10-03 18:14:11
43,nYuv2zLPoCUZc3TBiEqvNeRCSRSxMqFRntN1JvIVdoEgLwM9Ol,YLXPWs9bnX9DSAdkyRYPIeOHz2PDTVSAHDwf0ndHw2Gxwc8HYV,2025-07-08 18:14:11,2025-05-15 18:14:11
44,vMMd25ssJppkX4lavEkSwWaonWPyYlQH3NmDSz3UmcTWKxAvSY,oLqSjJBx6QOsNTRHUtHyfqJgvwmqVkAmLBEp3aztvPcqTEBAAq,2026-02-07 18:14:11,2025-08-30 18:14:11
45,RZFCuLweSYMQo6mLp8BA3weGLTpNpLk1WzxOcEL3wT9hS2kLWB,myrhKPk1Hd1R7vloT8RbRVJMjo0V91Zw5PSNmD6qgQm0r4SFui,2026-04-24 18:14:11,2026-02-04 18:14:11
46,iJ3K2w4S6Yt0N8rqH5EkastfMO1f7XJv2RmyXl6ispLYAdzhMW,vo5E04xBA72oSx475gZLtErQpS5IrpSokdrC3WxCYBQlPVcboC,2025-05-12 18:14:11,2026-03-15 18:14:11
47,Pu3zRvs4UqVtPGJ5V5SNepzPAUt5xUmEh7mb7D43zKHSFUeZDo,m7ir2mhuXdMabzudvY0npRsU8NT85WjLfK7sQKZ5MtRJiCWvcr,2026-04-04 18:14:11,2026-01-01 18:14:11
48,kHLfm1erQNVjtWlBq3hh1Uf5wiQJNXvw345SSngn04aI7eiZfu,41XUFRYSn9bLSvVOxa8UYy2mAkB9yB8d5PpWotyRSVOqFrpKCv,2026-02-04 18:14:11,2026-01-23 18:14:11
49,QvKu56fplaQMNeUNlCE5lWZwZmnUSMqOo3llWvELVU0uAbn0OC,ngTC3Aj2LZnn6usJDmdWlx8AdEIvLV9obPdLP0vbjwDLbrlUhj,2026-04-22 18:14:11,2025-05-03 18:14:11
50,6lBnjEaqIz5KO46hRYIS5HQgTwjpnAiU6zlaQPmZJChdPNxkVQ,LHVOH4elwhCXQcGaRdCRateJNlftLRrl3RPf0sFTd5kLTpEqNp,2025-07-27 18:14:11,2025-06-06 18:14:11
51,SJAegfpmpxVDkPtZQJJOld06NbK3Tgv9adPGURHIZJNnrnvZO5,tPKVK0suLOlWgWDYs9GYYzZTLWO76QG3qj3b1J41Ri7XLvDHQg,2025-08-14 18:14:11,2025-12-08 18:14:11
52,zOmQgBblsaGq2qxpfjW8SZdjfxRnkJDnu9pdqkjUb8UE3QMNxi,EQPbYcjyyhz4ySGvuQ28vXwfyXNo5OhIMVYCKbCx2ketuRRMnK,2025-10-17 18:14:11,2025-11-23 18:14:11
53,U3lB6I4wsgIdegS0seSvEd04iN4HjmYG5Gwpx0ppB043F1OyEr,X3bY3a2zsfDdBaywByXK3EaFdMyDLErGcRdBBRfuDRF2rKIww5,2026-02-24 18:14:11,2025-10-08 18:14:11
54,lT6F7XsB9nu9DHES5XLOF8oIzASYsoImyiZ04oMzZjdtwQupWu,GFGJzbXLMZl3OPe4OOKNOt23xx3v1GRRgbplvuAle3T4nxT5dP,2025-05-08 18:14:11,2026-01-19 18:14:11
55,ogCpbINKcatl9S7fMeitn5qcHAC6YFHMNQiIILcy7GWYDc6zWx,ChjHUu6N88l1kwN6dmMpNIo2LlgK4kpb7Drvscwy5IUGGVIeh0,2026-01-12 18:14:11,2025-07-28 18:14:11
56,qtQ0phHwff35wBAb9Q7L40kXY66XafwapBcMYioUwte0qZWBRb,uiyyZmjAbaYsoCxrx49DTrsvKV0qzw9I6PzvEYnxxMRici572u,2026-03-12 18:14:11,2026-04-22 18:14:11
57,XMNPmHfivEep3MgZCRh49lt4hYopMahpZv9nMAT9dX2MQc4TMh,xYukRNvJRRy08It1SWdgBIiloblTBRwErQzt1c4aAIysJGH3oS,2026-01-16 18:14:11,2025-08-17 18:14:11
58,wcpDu35zhjnwSJPjU4lMkrwDLCbh44EH73hWM4IscyiEtQZMFD,TM92Lo3wfyXaLJ3AEByTwfKh4LQszE85M4allrtJBv0LvtaRd2,2025-09-08 18:14:11,2026-01-08 18:14:11
59,SIfc5zAnB25dacH6sMhfnksbrGYATVC9f3z2jGM5pn0ebm7xf7,NT8tcvJHKf7rpg9MNutmEjsau72U73xdxU8WFYk2llyBlllXAd,2026-03-17 18:14:11,2026-03-17 18:14:11
60,uyThgmbokOQKgokTpiT7eMqk8ig2IwDJ1aFFL2UcQsAgNslIss,DuQVz1hbDr7ybpRE4vsYbgDZdErgn4D4csN3iAF7h3HaqI0ERX,2025-11-08 18:14:11,2025-08-11 18:14:11
61,Fk7VzcgcvKHiGMNr9eCB3VCUaSdKckq2GL4q9G67evD0ueoQ9E,ZA3pEaHux9HewyyUa5JOVluAXLutW3bJyw2DalFo0B9xxqRJPT,2026-03-27 18:14:11,2025-07-17 18:14:11
62,Pa5P1LYOrVNimYN8dimwcJXjS0zWNP1l6axya3JiISLApXg2yz,PIAoQB8Z2hpnNzBNKh5WcuozSX5DsQUfXSRvJM2LcAFU3BEkso,2025-08-25 18:14:11,2025-05-11 18:14:11
63,uiL8QIJfd5Z4e5XwUeo8GXOTrIzMlvnhoH7guc0tCkFfwROmVQ,dMFo9jXFsSx4Luf5Bt7YUc1LPyfdTShcMFWdxcY1FJz384mHYh,2026-01-25 18:14:11,2025-10-09 18:14:11
64,sOaBscgOk1QEnvMPf0lnuQYDIXCbw8FHZVjbzUsoFPuko8pSlw,0kirJ8ITmpvxcSKilxZi0yiLjz6KnlDncykyUTKfCfOxb4qnle,2025-11-06 18:14:11,2025-09-04 18:14:11
65,eAHqI1AfaO6QOQF3pgqRVqXeWyxJbM5kD1vuxc9O2m2slpm3tz,P09Nr7AfD9aWMDptiVkDGM0HYw4nqlRhnTqlD1ViOc71QMMPmS,2026-03-24 18:14:11,2025-08-08 18:14:11
66,RtR0wsJPwyVykHOTHI8DekM0P7QwoyUwKPUdzBsrfCzC7fyGDp,yPrUmlWKh4kmwY8HX33Z2v4DJBN7zpqzoBeTehIqDaqOwdA0Rh,2025-10-10 18:14:11,2026-01-30 18:14:11
67,62e6ZecpH10NW7MctGYVLlDcqD3NV9494ufRJlYxrU4a2CfQme,RBfcVWUArR17ID9ibpLPjjxlCdqdebCW75x6sX9Hpr9ywrPtt8,2026-03-27 18:14:11,2026-02-06 18:14:11
68,nPZQHMZSsNWsUEZ9mTlo50M37FdjPBVa60XycPCB9A9qsmfELx,ivQPUrEPnm0jarOhdbjNSqwofQF3pQZKftQuIBOogvlkAP8qf7,2026-03-08 18:14:11,2025-11-28 18:14:11
69,XmojYRYmeoqSW6aIBmifzy0CnIQH9f78afcS4JqJ16XXpoh6JY,u4Ra8w0rgzJxpm7doCOPwp2FQECJ3vKSC0ugaIt4jER1XXhVFZ,2026-02-24 18:14:11,2025-12-22 18:14:11
70,YkkCDmUpvEnRfmzgAN11sv9UqVb89UwPq2cRtwwdzrl4YyZyXP,NTgJIW59lxOHitomHNkqRHgkbZEshX6pNRxnawxya0RlDwhU6t,2026-03-02 18:14:11,2025-09-29 18:14:11
71,8vACJXfsEi9YDhseEj2Pgw3dFMX0SbJncmnDC1OMReQiv8BKuO,mderg3EVIi5hFXcnrRph17W5kG9vL9cfHV3rCZzr6ejmUBtp9e,2025-05-25 18:14:11,2026-04-21 18:14:11
72,ZTGdIMq9cpjweFbfnMABmer6Y5gbhLq6QyKwfbrK6tHdH6Gemu,gGo1YKjMCuQCQxH5q5E3LgQbw4K8q2JF4OYf5ID10oGI3xv5bI,2025-09-21 18:14:11,2025-07-14 18:14:11
73,3kjOzqIYZbYaCAOHwANdix6tEbHkK85oHx8NvPYg9qq32O4uiS,2XUQOGXc9l9t44IFs7pve811tBukGSaCGxUldsnqwhQmz2FkEV,2026-01-06 18:14:11,2025-09-04 18:14:11
74,3kaVsfY1WKN0XIVZeQ5XJlc03I2HzU3Wk7eZvS7ZbQdtf71hv9,OEtBeK3iExar0FkYMS3xhY9sBZIQuRhMpUF7dYzbjr4er25RlS,2026-04-03 18:14:11,2025-12-26 18:14:11
75,TNpm72kgP8qIqcyR35k4dDs9xoUDXC6010WjWH0o0nGacrTHb1,Zc3AerjPiHD8G2H7MVwA7usPLQEpyJyyio51VQ1mIQoZOCIsUw,2025-07-09 18:14:11,2025-09-04 18:14:11
76,63DpJ4GdCtEA7tc35w2JPzIxjUgcFxt4klXdEFZyOxUwWyM7GI,OtEDrpXIjcYB0kzxJcfPKiA7JA1kSJfdGgeBuV25cbB4rirGjI,2025-12-23 18:14:11,2025-06-15 18:14:11
77,Wk6JZi5xY2f1QfIkD4DZviWRtzztUGjlj4YRY6vOotpIyU4iep,NT8c64JKmoZ4QxySX1Ai13vbjQDaYsDOu6Rkh6qMYPvLGDZDVO,2025-12-27 18:14:11,2026-04-06 18:14:11
78,vKInJQCzxmre5ANuUysQEL3admyTuHNVLHpS3QfWDPHwH4ITW0,93hAQc7EhFIhrA2NkdEtQuk2QDFDlpqS7AIpHQYztf0H88cPM7,2025-11-02 18:14:11,2026-03-13 18:14:11
79,V3HgboRyxIefOuS67AuHLTM6X94kIlwZBN2m5gpYTRIj0Y2XZL,bPX9oZ4wiHD50WLngep6ZcP5KQVvgg63kdueIsk8bCgdH6Rmi9,2025-08-11 18:14:11,2025-10-13 18:14:11
80,WGA6ysTQeln66erMcI1JPr3aacKoF5xFmfxWWyTU2XN33hB5ht,L7GfZJInkEl1y2zHs7681dWKztE4r0OlZdR4nlsMYfZFOMKaHL,2025-07-09 18:14:11,2026-02-08 18:14:11
81,ehp67c2AF2PDUlxZoATwnYQVTAuuavisS7dQgmS4sGmTj2meiB,KqkB2MzzyOnfOiFAThWjiWw7K2RCe47ILh31A9BQ0rWGn5wkUM,2025-09-13 18:14:11,2026-03-01 18:14:11
82,CIY9hHHphGMV9LsEXwGh3svBMKb9u782Li1OhrMEM0MqleQpAY,0oR5BcNUm43fIKxTPI7Tu8gZljApMVPIUkOJEtk3luzuHVVhTz,2025-10-06 18:14:11,2025-05-13 18:14:11
83,wQ9GlmjcykPhhXdV3hTodyIWHZGMjFyuyIyElbv56LtTe0RtlA,WJeHjNdU0fFkzTh475DvdfkEzn9LG1MSE1IqT5yswUhZd7GS7U,2025-11-30 18:14:11,2025-12-07 18:14:11
84,EtNGNwew3byTsG25YlcOWSXi5nQMzHFGuXWdlMBuDHS1rFplPh,qL2BfqqIVJDaEcYKOIBFrSTXHfjuvSetcGlHUA9HQutrCDGzrP,2026-01-10 18:14:11,2026-02-25 18:14:11
85,etSu6G2R6iQIa5vqRirEe7ndhFCBiZtuQy7142PLvZ5atbxauO,uTwZdgpbxQsqTCAgiFOoyQhDJLr3eZwI45xrTB3ZZPdZDfj3Rq,2025-10-06 18:14:11,2026-01-31 18:14:11
86,at5ARnNF7E9zhyFdQXCbQSf5Vo1oMGyt27Oa1MpsP8jPmdmWZL,T9fsr5HWWkGi2fZZ5dajFWjOcx1EC4HyBoPcpvEWqLA57dmyvJ,2025-05-04 18:14:11,2025-05-16 18:14:11
87,80tdlXvopT7CdC7BBSvADwE9WIvr8h0OiWgrG17AVSGsnpoAak,HHdW6MvWUJJvSsF3oejU4wqq7vGJBYkIVdk09RUsdsJhUGp7VE,2025-06-30 18:14:11,2025-08-02 18:14:11
88,cLhg2c2ltmBu4K3EmyEyhUtEzmQSSDFoxlxrqE3J5Yk5ADTtLh,eeKviRt8PaI3eytU1PPN22SGa8Jl9eRc5IHoMFBOF6I9RBIuZy,2025-10-18 18:14:11,2025-08-28 18:14:11
89,ihDT6yUeFNJgdl1guG3DHUu7brV3ILQIdpjHft4C0MjaUsC8bZ,WVmCXLyiHogNtI5B86XvztUH5TPA0z35iTynxuUQ1cHe838Tes,2026-02-25 18:14:11,2025-10-14 18:14:11
90,BUuk9v1fOmbZCWyJbSWiNZkTu5H1nKUb6udRqTbrZLy7tSBVxZ,h1vUmvLNAH9DsrMdwdYnZ5IrmZxJOcFf1msQmCFWQtFNMsMGIo,2025-10-03 18:14:11,2026-02-13 18:14:11
91,Sya8BjEK1FfptegMqYjEJ7Y24YVQOPslKBoUpL5CdpcLXF7dhk,yqc5FHxiZY9sPxp4y3IEN30ls6ObXTtIywQtoEOAF0bhpfgXCs,2025-09-01 18:14:11,2025-12-03 18:14:11
92,W27gzbtRrY60cuoZ5r8d920inbYPZ96AU9UUoXZOxvOO8OJj3X,eXuG2Rupmg1ZO8p6Zg7LffM9YksNmhPw0ZVr07NYCGR27oTTrS,2025-11-13 18:14:11,2025-07-14 18:14:11
93,l1UJY9jT5T1c4yUFEC9OseL5KB5Pm3fuw2ywXrGdjq6tCC7NRX,ELgydrCAB2VlPYMXwaFZvPLvjw4nZ5ykxXmC5SEtYSjHsoE4KF,2025-06-30 18:14:11,2025-08-03 18:14:11
94,RXeI87eroG5efPjMb7ktcZygWkFZUOA5ATYLhi3jePrk4qMmSH,m6N7LoMeUwXV7NbVdGSgWhfuC7RByytJ2pFvDZ8TWIZsUS0y0S,2026-03-15 18:14:11,2026-04-30 18:14:11
95,1wwYL8DLHpevLmORjBV5i8IXqoaRztoURVO2GvgZGTgaXXi3kN,sqEDCi8YeLupQp1AiwCfqVCyR7kIZuoFay1qVlPTmXVmwtIp6X,2025-09-01 18:14:11,2026-02-13 18:14:11
96,dsLo0zoCt3fJkwsJifODgdP4XMmm6uHkOhW3QUd6hE5n4Rlr3c,YsdQIvZsaZY6vyAEYWPzrjF8q36mNBBsEaN9UWcEW20sU0XkAS,2025-11-05 18:14:11,2025-07-14 18:14:11
97,2XGYcGPXnGsoUbreQN71JkKYOdmDKaNC36RkygHr93v2oBWgCT,zM3btixjo6aC2P4UleKeHVJTe4QkG9HaewnW3Jfcfl75nKdXNs,2025-11-16 18:14:11,2026-02-27 18:14:11
98,FZMFke7Amqjpx0YbAwPKTHGmhd45JYZkIRsaY0kfS1WVPyRPDA,nzjqOnzjom2m9Jfzg6UDB7KIHvpDman5mcCbb0jA3Y0oAyDh8T,2025-07-13 18:14:11,2025-07-16 18:14:11
99,PXWkcjiPnd2r4P63Ie8JaKm8zDGS8Ks2GnBZjBeSe8cr3cB9BH,aBhhdofKoy276ycT3vhk07aJJWyzIEcjZyNSERweU4Pp1sEsdQ,2025-07-07 18:14:11,2025-08-07 18:14:11
100,AzMgb7iWXCvNGxtU9p6sCjTDAeyYKgamVgXRZStgKt42u0J1UB,0F4K7FMg8Fp2kROrjUfaURR8k14L4wL6Zy9WZWdOO0bLwMmbLQ,2026-03-03 18:14:11,2026-03-08 18:14:11
